Ball,Row,Col,Net,Zone
A1,A,1,MGMT,
A2,A,2,MGMT,
A3,A,3,MGMT,
A4,A,4,MGMT,
A5,A,5,MGMT,
A6,A,6,MGMT,
A7,A,7,SERDES_200G,
A8,A,8,SERDES_200G,
A9,A,9,SERDES_200G,
A10,A,10,SERDES_200G,
A11,A,11,SERDES_200G,
A12,A,12,SERDES_200G,
A13,A,13,SERDES_200G,
A14,A,14,SERDES_200G,
A15,A,15,SERDES_200G,
A16,A,16,SERDES_200G,
A17,A,17,SERDES_200G,
A18,A,18,SERDES_200G,
A19,A,19,SERDES_200G,
A20,A,20,SERDES_200G,
A21,A,21,SERDES_200G,
A22,A,22,SERDES_200G,
A23,A,23,SERDES_200G,
A24,A,24,SERDES_200G,
A25,A,25,SERDES_200G,
A26,A,26,SERDES_200G,
A27,A,27,SERDES_200G,
A28,A,28,SERDES_200G,
A29,A,29,SERDES_200G,
A30,A,30,SERDES_200G,
A31,A,31,SERDES_200G,
A32,A,32,SERDES_200G,
A33,A,33,SERDES_200G,
A34,A,34,SERDES_200G,
A35,A,35,SERDES_200G,
A36,A,36,SERDES_200G,
A37,A,37,SERDES_200G,
A38,A,38,SERDES_200G,
A39,A,39,SERDES_200G,
A40,A,40,SERDES_200G,
A41,A,41,SERDES_200G,
A42,A,42,SERDES_200G,
A43,A,43,SERDES_200G,
A44,A,44,SERDES_200G,
A45,A,45,SERDES_200G,
A46,A,46,SERDES_200G,
A47,A,47,SERDES_200G,
A48,A,48,SERDES_200G,
A49,A,49,SERDES_200G,
A50,A,50,SERDES_200G,
B1,B,1,MGMT,
B2,B,2,MGMT,
B3,B,3,MGMT,
B4,B,4,MGMT,
B5,B,5,MGMT,
B6,B,6,MGMT,
B7,B,7,SERDES_200G,
B8,B,8,SERDES_200G,
B9,B,9,SERDES_200G,
B10,B,10,SERDES_200G,
B11,B,11,SERDES_200G,
B12,B,12,SERDES_200G,
B13,B,13,SERDES_200G,
B14,B,14,SERDES_200G,
B15,B,15,SERDES_200G,
B16,B,16,SERDES_200G,
B17,B,17,SERDES_200G,
B18,B,18,SERDES_200G,
B19,B,19,SERDES_200G,
B20,B,20,SERDES_200G,
B21,B,21,SERDES_200G,
B22,B,22,SERDES_200G,
B23,B,23,SERDES_200G,
B24,B,24,SERDES_200G,
B25,B,25,SERDES_200G,
B26,B,26,SERDES_200G,
B27,B,27,SERDES_200G,
B28,B,28,SERDES_200G,
B29,B,29,SERDES_200G,
B30,B,30,SERDES_200G,
B31,B,31,SERDES_200G,
B32,B,32,SERDES_200G,
B33,B,33,SERDES_200G,
B34,B,34,SERDES_200G,
B35,B,35,SERDES_200G,
B36,B,36,SERDES_200G,
B37,B,37,SERDES_200G,
B38,B,38,SERDES_200G,
B39,B,39,SERDES_200G,
B40,B,40,SERDES_200G,
B41,B,41,SERDES_200G,
B42,B,42,SERDES_200G,
B43,B,43,SERDES_200G,
B44,B,44,SERDES_200G,
B45,B,45,SERDES_200G,
B46,B,46,SERDES_200G,
B47,B,47,SERDES_200G,
B48,B,48,SERDES_200G,
B49,B,49,SERDES_200G,
B50,B,50,SERDES_200G,
C1,C,1,MGMT,
C2,C,2,MGMT,
C3,C,3,MGMT,
C4,C,4,MGMT,
C5,C,5,MGMT,
C6,C,6,MGMT,
C7,C,7,SERDES_200G,
C8,C,8,SERDES_200G,
C9,C,9,SERDES_200G,
C10,C,10,SERDES_200G,
C11,C,11,SERDES_200G,
C12,C,12,SERDES_200G,
C13,C,13,SERDES_200G,
C14,C,14,SERDES_200G,
C15,C,15,VDD_IO,
C16,C,16,VDD_IO,
C17,C,17,VDD_IO,
C18,C,18,VDD_IO,
C19,C,19,VDD_IO,
C20,C,20,VDD_IO,
C21,C,21,VDD_IO,
C22,C,22,VDD_IO,
C23,C,23,VDD_IO,
C24,C,24,VDD_IO,
C25,C,25,VDD_IO,
C26,C,26,VDD_IO,
C27,C,27,VDD_IO,
C28,C,28,VDD_IO,
C29,C,29,VDD_IO,
C30,C,30,VDD_IO,
C31,C,31,VDD_IO,
C32,C,32,VDD_IO,
C33,C,33,VDD_IO,
C34,C,34,VDD_IO,
C35,C,35,VDD_IO,
C36,C,36,VDD_IO,
C37,C,37,VDD_IO,
C38,C,38,VDD_IO,
C39,C,39,VDD_IO,
C40,C,40,VDD_IO,
C41,C,41,VDD_IO,
C42,C,42,VDD_IO,
C43,C,43,VDD_IO,
C44,C,44,VDD_IO,
C45,C,45,HBM4_SIDECH,
C46,C,46,HBM4_VPP,
C47,C,47,HBM4_VDDQL,
C48,C,48,HBM4_VDDC,
C49,C,49,HBM4_VDDC,
C50,C,50,HBM4_VDDC,
D1,D,1,MGMT,
D2,D,2,MGMT,
D3,D,3,MGMT,
D4,D,4,MGMT,
D5,D,5,MGMT,
D6,D,6,MGMT,
D7,D,7,VDD_IO,
D8,D,8,VDD_IO,
D9,D,9,VDD_IO,
D10,D,10,VDD_IO,
D11,D,11,VDD_IO,
D12,D,12,VDD_IO,
D13,D,13,VDD_IO,
D14,D,14,VDD_IO,
D15,D,15,VDD_IO,
D16,D,16,VDD_IO,
D17,D,17,VDD_IO,
D18,D,18,VDD_IO,
D19,D,19,VDD_IO,
D20,D,20,VDD_IO,
D21,D,21,VDD_IO,
D22,D,22,VDD_IO,
D23,D,23,VDD_IO,
D24,D,24,VDD_IO,
D25,D,25,VDD_IO,
D26,D,26,VDD_IO,
D27,D,27,VDD_IO,
D28,D,28,VDD_IO,
D29,D,29,VDD_IO,
D30,D,30,VDD_IO,
D31,D,31,VDD_IO,
D32,D,32,VDD_IO,
D33,D,33,VDD_IO,
D34,D,34,VDD_IO,
D35,D,35,VDD_IO,
D36,D,36,VDD_IO,
D37,D,37,VDD_IO,
D38,D,38,VDD_IO,
D39,D,39,VDD_IO,
D40,D,40,VDD_IO,
D41,D,41,VDD_IO,
D42,D,42,VDD_IO,
D43,D,43,VDD_IO,
D44,D,44,VDD_IO,
D45,D,45,HBM4_SIDECH,
D46,D,46,HBM4_VPP,
D47,D,47,HBM4_VDDQL,
D48,D,48,HBM4_VDDC,
D49,D,49,HBM4_VDDC,
D50,D,50,HBM4_VDDC,
E1,E,1,MGMT,
E2,E,2,MGMT,
E3,E,3,MGMT,
E4,E,4,MGMT,
E5,E,5,MGMT,
E6,E,6,MGMT,
E7,E,7,VDD_IO,
E8,E,8,VDD_IO,
E9,E,9,VDD_IO,
E10,E,10,VDD_IO,
E11,E,11,VDD_IO,
E12,E,12,VDD_IO,
E13,E,13,VDD_IO,
E14,E,14,VDD_IO,
E15,E,15,VDD_IO,
E16,E,16,VDD_IO,
E17,E,17,VDD_IO,
E18,E,18,VDD_IO,
E19,E,19,VDD_IO,
E20,E,20,VDD_IO,
E21,E,21,VDD_IO,
E22,E,22,VDD_IO,
E23,E,23,VDD_IO,
E24,E,24,VDD_IO,
E25,E,25,VDD_IO,
E26,E,26,VDD_IO,
E27,E,27,VDD_IO,
E28,E,28,VDD_IO,
E29,E,29,VDD_IO,
E30,E,30,VDD_IO,
E31,E,31,VDD_IO,
E32,E,32,VDD_IO,
E33,E,33,VDD_IO,
E34,E,34,VDD_IO,
E35,E,35,GND,
E36,E,36,NC,
E37,E,37,GND,
E38,E,38,NC,
E39,E,39,GND,
E40,E,40,NC,
E41,E,41,GND,
E42,E,42,NC,
E43,E,43,GND,
E44,E,44,NC,
E45,E,45,HBM4_SIDECH,
E46,E,46,HBM4_VPP,
E47,E,47,HBM4_VDDQL,
E48,E,48,HBM4_VDDC,
E49,E,49,HBM4_VDDC,
E50,E,50,HBM4_VDDC,
F1,F,1,MGMT,
F2,F,2,MGMT,
F3,F,3,NC,
F4,F,4,GND,
F5,F,5,NC,
F6,F,6,GND,
F7,F,7,NC,
F8,F,8,GND,
F9,F,9,NC,
F10,F,10,GND,
F11,F,11,NC,
F12,F,12,GND,
F13,F,13,NC,
F14,F,14,GND,
F15,F,15,NC,
F16,F,16,GND,
F17,F,17,NC,
F18,F,18,GND,
F19,F,19,NC,
F20,F,20,GND,
F21,F,21,NC,
F22,F,22,GND,
F23,F,23,NC,
F24,F,24,GND,
F25,F,25,NC,
F26,F,26,GND,
F27,F,27,NC,
F28,F,28,GND,
F29,F,29,NC,
F30,F,30,GND,
F31,F,31,NC,
F32,F,32,GND,
F33,F,33,NC,
F34,F,34,GND,
F35,F,35,NC,
F36,F,36,GND,
F37,F,37,NC,
F38,F,38,GND,
F39,F,39,NC,
F40,F,40,GND,
F41,F,41,NC,
F42,F,42,GND,
F43,F,43,NC,
F44,F,44,GND,
F45,F,45,HBM4_SIDECH,
F46,F,46,HBM4_VPP,
F47,F,47,HBM4_VDDQL,
F48,F,48,HBM4_VDDC,
F49,F,49,HBM4_VDDC,
F50,F,50,HBM4_VDDC,
G1,G,1,GND,
G2,G,2,NC,
G3,G,3,GND,
G4,G,4,NC,
G5,G,5,GND,
G6,G,6,NC,
G7,G,7,GND,
G8,G,8,NC,
G9,G,9,GND,
G10,G,10,NC,
G11,G,11,GND,
G12,G,12,NC,
G13,G,13,GND,
G14,G,14,NC,
G15,G,15,GND,
G16,G,16,NC,
G17,G,17,GND,
G18,G,18,NC,
G19,G,19,GND,
G20,G,20,NC,
G21,G,21,GND,
G22,G,22,NC,
G23,G,23,GND,
G24,G,24,NC,
G25,G,25,GND,
G26,G,26,NC,
G27,G,27,GND,
G28,G,28,NC,
G29,G,29,GND,
G30,G,30,NC,
G31,G,31,GND,
G32,G,32,NC,
G33,G,33,GND,
G34,G,34,NC,
G35,G,35,GND,
G36,G,36,NC,
G37,G,37,GND,
G38,G,38,NC,
G39,G,39,GND,
G40,G,40,NC,
G41,G,41,GND,
G42,G,42,NC,
G43,G,43,GND,
G44,G,44,NC,
G45,G,45,HBM4_SIDECH,
G46,G,46,HBM4_VPP,
G47,G,47,HBM4_VDDQL,
G48,G,48,HBM4_VDDC,
G49,G,49,HBM4_VDDC,
G50,G,50,HBM4_VDDC,
H1,H,1,NC,
H2,H,2,GND,
H3,H,3,NC,
H4,H,4,GND,
H5,H,5,NC,
H6,H,6,GND,
H7,H,7,NC,
H8,H,8,GND,
H9,H,9,NC,
H10,H,10,GND,
H11,H,11,NC,
H12,H,12,GND,
H13,H,13,NC,
H14,H,14,GND,
H15,H,15,NC,
H16,H,16,GND,
H17,H,17,NC,
H18,H,18,GND,
H19,H,19,NC,
H20,H,20,GND,
H21,H,21,NC,
H22,H,22,GND,
H23,H,23,NC,
H24,H,24,GND,
H25,H,25,NC,
H26,H,26,GND,
H27,H,27,NC,
H28,H,28,GND,
H29,H,29,NC,
H30,H,30,GND,
H31,H,31,NC,
H32,H,32,GND,
H33,H,33,NC,
H34,H,34,GND,
H35,H,35,NC,
H36,H,36,GND,
H37,H,37,NC,
H38,H,38,GND,
H39,H,39,NC,
H40,H,40,GND,
H41,H,41,NC,
H42,H,42,GND,
H43,H,43,NC,
H44,H,44,GND,
H45,H,45,HBM4_SIDECH,
H46,H,46,HBM4_VPP,
H47,H,47,HBM4_VDDQL,
H48,H,48,HBM4_VDDC,
H49,H,49,HBM4_VDDC,
H50,H,50,HBM4_VDDC,
J1,J,1,GND,
J2,J,2,NC,
J3,J,3,GND,
J4,J,4,NC,
J5,J,5,GND,
J6,J,6,NC,
J7,J,7,GND,
J8,J,8,NC,
J9,J,9,GND,
J10,J,10,NC,
J11,J,11,GND,
J12,J,12,NC,
J13,J,13,GND,
J14,J,14,NC,
J15,J,15,GND,
J16,J,16,NC,
J17,J,17,GND,
J18,J,18,NC,
J19,J,19,GND,
J20,J,20,NC,
J21,J,21,GND,
J22,J,22,NC,
J23,J,23,GND,
J24,J,24,NC,
J25,J,25,GND,
J26,J,26,NC,
J27,J,27,GND,
J28,J,28,NC,
J29,J,29,GND,
J30,J,30,NC,
J31,J,31,GND,
J32,J,32,NC,
J33,J,33,GND,
J34,J,34,NC,
J35,J,35,GND,
J36,J,36,NC,
J37,J,37,GND,
J38,J,38,NC,
J39,J,39,GND,
J40,J,40,NC,
J41,J,41,GND,
J42,J,42,NC,
J43,J,43,GND,
J44,J,44,NC,
J45,J,45,HBM4_SIDECH,
J46,J,46,HBM4_VPP,
J47,J,47,HBM4_VDDQL,
J48,J,48,HBM4_VDDC,
J49,J,49,HBM4_VDDC,
J50,J,50,HBM4_VDDC,
K1,K,1,NC,
K2,K,2,GND,
K3,K,3,NC,
K4,K,4,GND,
K5,K,5,NC,
K6,K,6,GND,
K7,K,7,NC,
K8,K,8,GND,
K9,K,9,NC,
K10,K,10,GND,
K11,K,11,PWR_CORE,
K12,K,12,PWR_CORE,
K13,K,13,PWR_CORE,
K14,K,14,PWR_CORE,
K15,K,15,PWR_CORE,
K16,K,16,PWR_CORE,
K17,K,17,PWR_CORE,
K18,K,18,PWR_CORE,
K19,K,19,PWR_CORE,
K20,K,20,PWR_CORE,
K21,K,21,PWR_CORE,
K22,K,22,PWR_CORE,
K23,K,23,PWR_CORE,
K24,K,24,PWR_CORE,
K25,K,25,PWR_CORE,
K26,K,26,PWR_CORE,
K27,K,27,PWR_CORE,
K28,K,28,PWR_CORE,
K29,K,29,PWR_CORE,
K30,K,30,PWR_CORE,
K31,K,31,PWR_CORE,
K32,K,32,PWR_CORE,
K33,K,33,PWR_CORE,
K34,K,34,PWR_CORE,
K35,K,35,PWR_CORE,
K36,K,36,PWR_CORE,
K37,K,37,PWR_CORE,
K38,K,38,PWR_CORE,
K39,K,39,PWR_CORE,
K40,K,40,PWR_CORE,
K41,K,41,PWR_CORE,
K42,K,42,GND,
K43,K,43,NC,
K44,K,44,GND,
K45,K,45,HBM4_SIDECH,
K46,K,46,HBM4_VPP,
K47,K,47,HBM4_VDDQL,
K48,K,48,HBM4_VDDC,
K49,K,49,HBM4_VDDC,
K50,K,50,HBM4_VDDC,
L1,L,1,GND,
L2,L,2,NC,
L3,L,3,GND,
L4,L,4,NC,
L5,L,5,GND,
L6,L,6,NC,
L7,L,7,GND,
L8,L,8,NC,
L9,L,9,GND,
L10,L,10,NC,
L11,L,11,PWR_CORE,
L12,L,12,PWR_CORE,
L13,L,13,PWR_CORE,
L14,L,14,PWR_CORE,
L15,L,15,PWR_CORE,
L16,L,16,PWR_CORE,
L17,L,17,PWR_CORE,
L18,L,18,PWR_CORE,
L19,L,19,PWR_CORE,
L20,L,20,PWR_CORE,
L21,L,21,PWR_CORE,
L22,L,22,PWR_CORE,
L23,L,23,PWR_CORE,
L24,L,24,PWR_CORE,
L25,L,25,PWR_CORE,
L26,L,26,PWR_CORE,
L27,L,27,PWR_CORE,
L28,L,28,PWR_CORE,
L29,L,29,PWR_CORE,
L30,L,30,PWR_CORE,
L31,L,31,PWR_CORE,
L32,L,32,PWR_CORE,
L33,L,33,PWR_CORE,
L34,L,34,PWR_CORE,
L35,L,35,PWR_CORE,
L36,L,36,PWR_CORE,
L37,L,37,PWR_CORE,
L38,L,38,PWR_CORE,
L39,L,39,PWR_CORE,
L40,L,40,PWR_CORE,
L41,L,41,PWR_CORE,
L42,L,42,NC,
L43,L,43,GND,
L44,L,44,NC,
L45,L,45,HBM4_SIDECH,
L46,L,46,HBM4_VPP,
L47,L,47,HBM4_VDDQL,
L48,L,48,HBM4_VDDC,
L49,L,49,HBM4_VDDC,
L50,L,50,HBM4_VDDC,
M1,M,1,NC,
M2,M,2,GND,
M3,M,3,NC,
M4,M,4,GND,
M5,M,5,NC,
M6,M,6,GND,
M7,M,7,NC,
M8,M,8,GND,
M9,M,9,NC,
M10,M,10,GND,
M11,M,11,PWR_CORE,
M12,M,12,PWR_CORE,
M13,M,13,PWR_CORE,
M14,M,14,PWR_CORE,
M15,M,15,PWR_CORE,
M16,M,16,PWR_CORE,
M17,M,17,PWR_CORE,
M18,M,18,PWR_CORE,
M19,M,19,PWR_CORE,
M20,M,20,PWR_CORE,
M21,M,21,PWR_CORE,
M22,M,22,PWR_CORE,
M23,M,23,PWR_CORE,
M24,M,24,PWR_CORE,
M25,M,25,PWR_CORE,
M26,M,26,PWR_CORE,
M27,M,27,PWR_CORE,
M28,M,28,PWR_CORE,
M29,M,29,PWR_CORE,
M30,M,30,PWR_CORE,
M31,M,31,PWR_CORE,
M32,M,32,PWR_CORE,
M33,M,33,PWR_CORE,
M34,M,34,PWR_CORE,
M35,M,35,PWR_CORE,
M36,M,36,PWR_CORE,
M37,M,37,PWR_CORE,
M38,M,38,PWR_CORE,
M39,M,39,PWR_CORE,
M40,M,40,PWR_CORE,
M41,M,41,PWR_CORE,
M42,M,42,GND,
M43,M,43,NC,
M44,M,44,GND,
M45,M,45,HBM4_SIDECH,
M46,M,46,HBM4_VPP,
M47,M,47,HBM4_VDDQL,
M48,M,48,HBM4_VDDC,
M49,M,49,HBM4_VDDC,
M50,M,50,HBM4_VDDC,
N1,N,1,GND,
N2,N,2,NC,
N3,N,3,GND,
N4,N,4,NC,
N5,N,5,GND,
N6,N,6,NC,
N7,N,7,GND,
N8,N,8,NC,
N9,N,9,GND,
N10,N,10,NC,
N11,N,11,PWR_CORE,
N12,N,12,PWR_CORE,
N13,N,13,PWR_CORE,
N14,N,14,PWR_CORE,
N15,N,15,PWR_CORE,
N16,N,16,PWR_CORE,
N17,N,17,PWR_CORE,
N18,N,18,PWR_CORE,
N19,N,19,PWR_CORE,
N20,N,20,PWR_CORE,
N21,N,21,PWR_CORE,
N22,N,22,PWR_CORE,
N23,N,23,PWR_CORE,
N24,N,24,PWR_CORE,
N25,N,25,PWR_CORE,
N26,N,26,PWR_CORE,
N27,N,27,PWR_CORE,
N28,N,28,PWR_CORE,
N29,N,29,PWR_CORE,
N30,N,30,PWR_CORE,
N31,N,31,PWR_CORE,
N32,N,32,PWR_CORE,
N33,N,33,PWR_CORE,
N34,N,34,PWR_CORE,
N35,N,35,PWR_CORE,
N36,N,36,PWR_CORE,
N37,N,37,PWR_CORE,
N38,N,38,PWR_CORE,
N39,N,39,PWR_CORE,
N40,N,40,PWR_CORE,
N41,N,41,PWR_CORE,
N42,N,42,NC,
N43,N,43,GND,
N44,N,44,NC,
N45,N,45,HBM4_SIDECH,
N46,N,46,HBM4_VPP,
N47,N,47,HBM4_VDDQL,
N48,N,48,HBM4_VDDC,
N49,N,49,HBM4_VDDC,
N50,N,50,HBM4_VDDC,
P1,P,1,NC,
P2,P,2,GND,
P3,P,3,NC,
P4,P,4,GND,
P5,P,5,NC,
P6,P,6,GND,
P7,P,7,NC,
P8,P,8,GND,
P9,P,9,NC,
P10,P,10,GND,
P11,P,11,PWR_CORE,
P12,P,12,PWR_CORE,
P13,P,13,PWR_CORE,
P14,P,14,PWR_CORE,
P15,P,15,PWR_CORE,
P16,P,16,PWR_CORE,
P17,P,17,PWR_CORE,
P18,P,18,PWR_CORE,
P19,P,19,PWR_CORE,
P20,P,20,PWR_CORE,
P21,P,21,PWR_CORE,
P22,P,22,PWR_CORE,
P23,P,23,PWR_CORE,
P24,P,24,PWR_CORE,
P25,P,25,PWR_CORE,
P26,P,26,PWR_CORE,
P27,P,27,PWR_CORE,
P28,P,28,PWR_CORE,
P29,P,29,PWR_CORE,
P30,P,30,PWR_CORE,
P31,P,31,PWR_CORE,
P32,P,32,PWR_CORE,
P33,P,33,PWR_CORE,
P34,P,34,PWR_CORE,
P35,P,35,PWR_CORE,
P36,P,36,PWR_CORE,
P37,P,37,PWR_CORE,
P38,P,38,PWR_CORE,
P39,P,39,PWR_CORE,
P40,P,40,PWR_CORE,
P41,P,41,PWR_CORE,
P42,P,42,GND,
P43,P,43,NC,
P44,P,44,GND,
P45,P,45,HBM4_SIDECH,
P46,P,46,HBM4_VPP,
P47,P,47,HBM4_VDDQL,
P48,P,48,HBM4_VDDC,
P49,P,49,HBM4_VDDC,
P50,P,50,HBM4_VDDC,
R1,R,1,GND,
R2,R,2,NC,
R3,R,3,GND,
R4,R,4,NC,
R5,R,5,GND,
R6,R,6,NC,
R7,R,7,GND,
R8,R,8,NC,
R9,R,9,GND,
R10,R,10,NC,
R11,R,11,PWR_CORE,
R12,R,12,PWR_CORE,
R13,R,13,PWR_CORE,
R14,R,14,PWR_CORE,
R15,R,15,PWR_CORE,
R16,R,16,PWR_CORE,
R17,R,17,PWR_CORE,
R18,R,18,PWR_CORE,
R19,R,19,PWR_CORE,
R20,R,20,PWR_CORE,
R21,R,21,PWR_CORE,
R22,R,22,PWR_CORE,
R23,R,23,PWR_CORE,
R24,R,24,PWR_CORE,
R25,R,25,PWR_CORE,
R26,R,26,PWR_CORE,
R27,R,27,PWR_CORE,
R28,R,28,PWR_CORE,
R29,R,29,PWR_CORE,
R30,R,30,PWR_CORE,
R31,R,31,PWR_CORE,
R32,R,32,PWR_CORE,
R33,R,33,PWR_CORE,
R34,R,34,PWR_CORE,
R35,R,35,PWR_CORE,
R36,R,36,PWR_CORE,
R37,R,37,PWR_CORE,
R38,R,38,PWR_CORE,
R39,R,39,PWR_CORE,
R40,R,40,PWR_CORE,
R41,R,41,PWR_CORE,
R42,R,42,NC,
R43,R,43,GND,
R44,R,44,NC,
R45,R,45,HBM4_SIDECH,
R46,R,46,HBM4_VPP,
R47,R,47,HBM4_VDDQL,
R48,R,48,HBM4_VDDC,
R49,R,49,HBM4_VDDC,
R50,R,50,HBM4_VDDC,
T1,T,1,NC,
T2,T,2,GND,
T3,T,3,NC,
T4,T,4,GND,
T5,T,5,NC,
T6,T,6,GND,
T7,T,7,NC,
T8,T,8,GND,
T9,T,9,NC,
T10,T,10,GND,
T11,T,11,PWR_CORE,
T12,T,12,PWR_CORE,
T13,T,13,PWR_CORE,
T14,T,14,PWR_CORE,
T15,T,15,PWR_CORE,
T16,T,16,PWR_CORE,
T17,T,17,PWR_CORE,
T18,T,18,PWR_CORE,
T19,T,19,PWR_CORE,
T20,T,20,PWR_CORE,
T21,T,21,PWR_CORE,
T22,T,22,PWR_CORE,
T23,T,23,PWR_CORE,
T24,T,24,PWR_CORE,
T25,T,25,PWR_CORE,
T26,T,26,PWR_CORE,
T27,T,27,PWR_CORE,
T28,T,28,PWR_CORE,
T29,T,29,PWR_CORE,
T30,T,30,PWR_CORE,
T31,T,31,PWR_CORE,
T32,T,32,PWR_CORE,
T33,T,33,PWR_CORE,
T34,T,34,PWR_CORE,
T35,T,35,PWR_CORE,
T36,T,36,PWR_CORE,
T37,T,37,PWR_CORE,
T38,T,38,PWR_CORE,
T39,T,39,PWR_CORE,
T40,T,40,PWR_CORE,
T41,T,41,PWR_CORE,
T42,T,42,GND,
T43,T,43,NC,
T44,T,44,GND,
T45,T,45,HBM4_SIDECH,
T46,T,46,HBM4_VPP,
T47,T,47,HBM4_VDDQL,
T48,T,48,HBM4_VDDC,
T49,T,49,HBM4_VDDQL,
T50,T,50,HBM4_VDDQL,
U1,U,1,GND,
U2,U,2,NC,
U3,U,3,GND,
U4,U,4,NC,
U5,U,5,GND,
U6,U,6,NC,
U7,U,7,GND,
U8,U,8,NC,
U9,U,9,GND,
U10,U,10,NC,
U11,U,11,PWR_CORE,
U12,U,12,PWR_CORE,
U13,U,13,PWR_CORE,
U14,U,14,PWR_CORE,
U15,U,15,PWR_CORE,
U16,U,16,PWR_CORE,
U17,U,17,PWR_CORE,
U18,U,18,PWR_CORE,
U19,U,19,PWR_CORE,
U20,U,20,PWR_CORE,
U21,U,21,PWR_CORE,
U22,U,22,PWR_CORE,
U23,U,23,PWR_CORE,
U24,U,24,PWR_CORE,
U25,U,25,PWR_CORE,
U26,U,26,PWR_CORE,
U27,U,27,PWR_CORE,
U28,U,28,PWR_CORE,
U29,U,29,PWR_CORE,
U30,U,30,PWR_CORE,
U31,U,31,PWR_CORE,
U32,U,32,PWR_CORE,
U33,U,33,PWR_CORE,
U34,U,34,PWR_CORE,
U35,U,35,PWR_CORE,
U36,U,36,PWR_CORE,
U37,U,37,PWR_CORE,
U38,U,38,PWR_CORE,
U39,U,39,PWR_CORE,
U40,U,40,PWR_CORE,
U41,U,41,PWR_CORE,
U42,U,42,NC,
U43,U,43,GND,
U44,U,44,NC,
U45,U,45,HBM4_SIDECH,
U46,U,46,HBM4_VPP,
U47,U,47,HBM4_VDDQL,
U48,U,48,HBM4_VDDQL,
U49,U,49,HBM4_VDDQL,
U50,U,50,HBM4_VDDQL,
V1,V,1,NC,
V2,V,2,GND,
V3,V,3,NC,
V4,V,4,GND,
V5,V,5,NC,
V6,V,6,GND,
V7,V,7,NC,
V8,V,8,GND,
V9,V,9,NC,
V10,V,10,GND,
V11,V,11,PWR_CORE,
V12,V,12,PWR_CORE,
V13,V,13,PWR_CORE,
V14,V,14,PWR_CORE,
V15,V,15,PWR_CORE,
V16,V,16,PWR_CORE,
V17,V,17,PWR_CORE,
V18,V,18,PWR_CORE,
V19,V,19,PWR_CORE,
V20,V,20,PWR_CORE,
V21,V,21,PWR_CORE,
V22,V,22,PWR_CORE,
V23,V,23,PWR_CORE,
V24,V,24,PWR_CORE,
V25,V,25,PWR_CORE,
V26,V,26,PWR_CORE,
V27,V,27,PWR_CORE,
V28,V,28,PWR_CORE,
V29,V,29,PWR_CORE,
V30,V,30,PWR_CORE,
V31,V,31,PWR_CORE,
V32,V,32,PWR_CORE,
V33,V,33,PWR_CORE,
V34,V,34,PWR_CORE,
V35,V,35,PWR_CORE,
V36,V,36,PWR_CORE,
V37,V,37,PWR_CORE,
V38,V,38,PWR_CORE,
V39,V,39,PWR_CORE,
V40,V,40,PWR_CORE,
V41,V,41,PWR_CORE,
V42,V,42,GND,
V43,V,43,NC,
V44,V,44,GND,
V45,V,45,HBM4_SIDECH,
V46,V,46,HBM4_VPP,
V47,V,47,HBM4_VDDQL,
V48,V,48,HBM4_VDDQL,
V49,V,49,HBM4_VDDQL,
V50,V,50,HBM4_VDDQL,
W1,W,1,GND,
W2,W,2,NC,
W3,W,3,GND,
W4,W,4,NC,
W5,W,5,GND,
W6,W,6,NC,
W7,W,7,GND,
W8,W,8,NC,
W9,W,9,GND,
W10,W,10,NC,
W11,W,11,PWR_CORE,
W12,W,12,PWR_CORE,
W13,W,13,PWR_CORE,
W14,W,14,PWR_CORE,
W15,W,15,PWR_CORE,
W16,W,16,PWR_CORE,
W17,W,17,PWR_CORE,
W18,W,18,PWR_CORE,
W19,W,19,PWR_CORE,
W20,W,20,PWR_CORE,
W21,W,21,PWR_CORE,
W22,W,22,PWR_CORE,
W23,W,23,PWR_CORE,
W24,W,24,PWR_CORE,
W25,W,25,PWR_CORE,
W26,W,26,PWR_CORE,
W27,W,27,PWR_CORE,
W28,W,28,PWR_CORE,
W29,W,29,PWR_CORE,
W30,W,30,PWR_CORE,
W31,W,31,PWR_CORE,
W32,W,32,PWR_CORE,
W33,W,33,PWR_CORE,
W34,W,34,PWR_CORE,
W35,W,35,PWR_CORE,
W36,W,36,PWR_CORE,
W37,W,37,PWR_CORE,
W38,W,38,PWR_CORE,
W39,W,39,PWR_CORE,
W40,W,40,PWR_CORE,
W41,W,41,PWR_CORE,
W42,W,42,NC,
W43,W,43,GND,
W44,W,44,NC,
W45,W,45,HBM4_SIDECH,
W46,W,46,HBM4_SIDECH,
W47,W,47,HBM4_VDDQL,
W48,W,48,HBM4_VDDQL,
W49,W,49,HBM4_VDDQL,
W50,W,50,HBM4_VDDQL,
Y1,Y,1,NC,
Y2,Y,2,GND,
Y3,Y,3,NC,
Y4,Y,4,GND,
Y5,Y,5,NC,
Y6,Y,6,GND,
Y7,Y,7,NC,
Y8,Y,8,GND,
Y9,Y,9,NC,
Y10,Y,10,GND,
Y11,Y,11,PWR_CORE,
Y12,Y,12,PWR_CORE,
Y13,Y,13,PWR_CORE,
Y14,Y,14,PWR_CORE,
Y15,Y,15,PWR_CORE,
Y16,Y,16,PWR_CORE,
Y17,Y,17,PWR_CORE,
Y18,Y,18,PWR_CORE,
Y19,Y,19,PWR_CORE,
Y20,Y,20,PWR_CORE,
Y21,Y,21,PWR_CORE,
Y22,Y,22,PWR_CORE,
Y23,Y,23,PWR_CORE,
Y24,Y,24,PWR_CORE,
Y25,Y,25,PWR_CORE,
Y26,Y,26,PWR_CORE,
Y27,Y,27,PWR_CORE,
Y28,Y,28,PWR_CORE,
Y29,Y,29,PWR_CORE,
Y30,Y,30,PWR_CORE,
Y31,Y,31,PWR_CORE,
Y32,Y,32,PWR_CORE,
Y33,Y,33,PWR_CORE,
Y34,Y,34,PWR_CORE,
Y35,Y,35,PWR_CORE,
Y36,Y,36,PWR_CORE,
Y37,Y,37,PWR_CORE,
Y38,Y,38,PWR_CORE,
Y39,Y,39,PWR_CORE,
Y40,Y,40,PWR_CORE,
Y41,Y,41,PWR_CORE,
Y42,Y,42,GND,
Y43,Y,43,NC,
Y44,Y,44,GND,
Y45,Y,45,HBM4_SIDECH,
Y46,Y,46,HBM4_SIDECH,
Y47,Y,47,HBM4_VDDQL,
Y48,Y,48,HBM4_VDDQL,
Y49,Y,49,HBM4_VDDQL,
Y50,Y,50,HBM4_VDDQL,
AA1,AA,1,GND,
AA2,AA,2,NC,
AA3,AA,3,GND,
AA4,AA,4,NC,
AA5,AA,5,GND,
AA6,AA,6,NC,
AA7,AA,7,GND,
AA8,AA,8,NC,
AA9,AA,9,GND,
AA10,AA,10,NC,
AA11,AA,11,PWR_CORE,
AA12,AA,12,PWR_CORE,
AA13,AA,13,PWR_CORE,
AA14,AA,14,PWR_CORE,
AA15,AA,15,PWR_CORE,
AA16,AA,16,PWR_CORE,
AA17,AA,17,PWR_CORE,
AA18,AA,18,PWR_CORE,
AA19,AA,19,PWR_CORE,
AA20,AA,20,PWR_CORE,
AA21,AA,21,PWR_CORE,
AA22,AA,22,PWR_CORE,
AA23,AA,23,PWR_CORE,
AA24,AA,24,PWR_CORE,
AA25,AA,25,PWR_CORE,
AA26,AA,26,PWR_CORE,
AA27,AA,27,PWR_CORE,
AA28,AA,28,PWR_CORE,
AA29,AA,29,PWR_CORE,
AA30,AA,30,PWR_CORE,
AA31,AA,31,PWR_CORE,
AA32,AA,32,PWR_CORE,
AA33,AA,33,PWR_CORE,
AA34,AA,34,PWR_CORE,
AA35,AA,35,PWR_CORE,
AA36,AA,36,PWR_CORE,
AA37,AA,37,PWR_CORE,
AA38,AA,38,PWR_CORE,
AA39,AA,39,PWR_CORE,
AA40,AA,40,PWR_CORE,
AA41,AA,41,PWR_CORE,
AA42,AA,42,NC,
AA43,AA,43,GND,
AA44,AA,44,NC,
AA45,AA,45,HBM4_SIDECH,
AA46,AA,46,HBM4_SIDECH,
AA47,AA,47,HBM4_VDDQL,
AA48,AA,48,HBM4_VDDQL,
AA49,AA,49,HBM4_VDDQL,
AA50,AA,50,HBM4_VDDQL,
AB1,AB,1,NC,
AB2,AB,2,GND,
AB3,AB,3,NC,
AB4,AB,4,GND,
AB5,AB,5,NC,
AB6,AB,6,GND,
AB7,AB,7,NC,
AB8,AB,8,GND,
AB9,AB,9,NC,
AB10,AB,10,GND,
AB11,AB,11,PWR_CORE,
AB12,AB,12,PWR_CORE,
AB13,AB,13,PWR_CORE,
AB14,AB,14,PWR_CORE,
AB15,AB,15,PWR_CORE,
AB16,AB,16,PWR_CORE,
AB17,AB,17,PWR_CORE,
AB18,AB,18,PWR_CORE,
AB19,AB,19,PWR_CORE,
AB20,AB,20,PWR_CORE,
AB21,AB,21,PWR_CORE,
AB22,AB,22,PWR_CORE,
AB23,AB,23,PWR_CORE,
AB24,AB,24,PWR_CORE,
AB25,AB,25,PWR_CORE,
AB26,AB,26,PWR_CORE,
AB27,AB,27,PWR_CORE,
AB28,AB,28,PWR_CORE,
AB29,AB,29,PWR_CORE,
AB30,AB,30,PWR_CORE,
AB31,AB,31,PWR_CORE,
AB32,AB,32,PWR_CORE,
AB33,AB,33,PWR_CORE,
AB34,AB,34,PWR_CORE,
AB35,AB,35,PWR_CORE,
AB36,AB,36,PWR_CORE,
AB37,AB,37,PWR_CORE,
AB38,AB,38,PWR_CORE,
AB39,AB,39,PWR_CORE,
AB40,AB,40,PWR_CORE,
AB41,AB,41,PWR_CORE,
AB42,AB,42,GND,
AB43,AB,43,NC,
AB44,AB,44,GND,
AB45,AB,45,HBM4_SIDECH,
AB46,AB,46,HBM4_SIDECH,
AB47,AB,47,HBM4_VDDQL,
AB48,AB,48,HBM4_VDDQL,
AB49,AB,49,HBM4_VDDQL,
AB50,AB,50,HBM4_VDDQL,
AC1,AC,1,GND,
AC2,AC,2,NC,
AC3,AC,3,GND,
AC4,AC,4,NC,
AC5,AC,5,GND,
AC6,AC,6,NC,
AC7,AC,7,GND,
AC8,AC,8,NC,
AC9,AC,9,GND,
AC10,AC,10,NC,
AC11,AC,11,PWR_CORE,
AC12,AC,12,PWR_CORE,
AC13,AC,13,PWR_CORE,
AC14,AC,14,PWR_CORE,
AC15,AC,15,PWR_CORE,
AC16,AC,16,PWR_CORE,
AC17,AC,17,PWR_CORE,
AC18,AC,18,PWR_CORE,
AC19,AC,19,PWR_CORE,
AC20,AC,20,PWR_CORE,
AC21,AC,21,PWR_CORE,
AC22,AC,22,PWR_CORE,
AC23,AC,23,PWR_CORE,
AC24,AC,24,PWR_CORE,
AC25,AC,25,PWR_CORE,
AC26,AC,26,PWR_CORE,
AC27,AC,27,PWR_CORE,
AC28,AC,28,PWR_CORE,
AC29,AC,29,PWR_CORE,
AC30,AC,30,PWR_CORE,
AC31,AC,31,PWR_CORE,
AC32,AC,32,PWR_CORE,
AC33,AC,33,PWR_CORE,
AC34,AC,34,PWR_CORE,
AC35,AC,35,PWR_CORE,
AC36,AC,36,PWR_CORE,
AC37,AC,37,PWR_CORE,
AC38,AC,38,PWR_CORE,
AC39,AC,39,PWR_CORE,
AC40,AC,40,PWR_CORE,
AC41,AC,41,PWR_CORE,
AC42,AC,42,NC,
AC43,AC,43,GND,
AC44,AC,44,NC,
AC45,AC,45,HBM4_SIDECH,
AC46,AC,46,HBM4_SIDECH,
AC47,AC,47,HBM4_VDDQ,
AC48,AC,48,HBM4_VDDQ,
AC49,AC,49,HBM4_VDDQ,
AC50,AC,50,HBM4_VDDQ,
AD1,AD,1,NC,
AD2,AD,2,GND,
AD3,AD,3,NC,
AD4,AD,4,GND,
AD5,AD,5,NC,
AD6,AD,6,GND,
AD7,AD,7,NC,
AD8,AD,8,GND,
AD9,AD,9,NC,
AD10,AD,10,GND,
AD11,AD,11,PWR_CORE,
AD12,AD,12,PWR_CORE,
AD13,AD,13,PWR_CORE,
AD14,AD,14,PWR_CORE,
AD15,AD,15,PWR_CORE,
AD16,AD,16,PWR_CORE,
AD17,AD,17,PWR_CORE,
AD18,AD,18,PWR_CORE,
AD19,AD,19,PWR_CORE,
AD20,AD,20,PWR_CORE,
AD21,AD,21,PWR_CORE,
AD22,AD,22,PWR_CORE,
AD23,AD,23,PWR_CORE,
AD24,AD,24,PWR_CORE,
AD25,AD,25,PWR_CORE,
AD26,AD,26,PWR_CORE,
AD27,AD,27,PWR_CORE,
AD28,AD,28,PWR_CORE,
AD29,AD,29,PWR_CORE,
AD30,AD,30,PWR_CORE,
AD31,AD,31,PWR_CORE,
AD32,AD,32,PWR_CORE,
AD33,AD,33,PWR_CORE,
AD34,AD,34,PWR_CORE,
AD35,AD,35,PWR_CORE,
AD36,AD,36,PWR_CORE,
AD37,AD,37,PWR_CORE,
AD38,AD,38,PWR_CORE,
AD39,AD,39,PWR_CORE,
AD40,AD,40,PWR_CORE,
AD41,AD,41,PWR_CORE,
AD42,AD,42,GND,
AD43,AD,43,NC,
AD44,AD,44,GND,
AD45,AD,45,HBM4_SIDECH,
AD46,AD,46,HBM4_SIDECH,
AD47,AD,47,HBM4_VDDQ,
AD48,AD,48,HBM4_VDDQ,
AD49,AD,49,HBM4_VDDQ,
AD50,AD,50,HBM4_VDDQ,
AE1,AE,1,GND,
AE2,AE,2,NC,
AE3,AE,3,GND,
AE4,AE,4,NC,
AE5,AE,5,GND,
AE6,AE,6,NC,
AE7,AE,7,GND,
AE8,AE,8,NC,
AE9,AE,9,GND,
AE10,AE,10,NC,
AE11,AE,11,PWR_CORE,
AE12,AE,12,PWR_CORE,
AE13,AE,13,PWR_CORE,
AE14,AE,14,PWR_CORE,
AE15,AE,15,PWR_CORE,
AE16,AE,16,PWR_CORE,
AE17,AE,17,PWR_CORE,
AE18,AE,18,PWR_CORE,
AE19,AE,19,PWR_CORE,
AE20,AE,20,PWR_CORE,
AE21,AE,21,PWR_CORE,
AE22,AE,22,PWR_CORE,
AE23,AE,23,PWR_CORE,
AE24,AE,24,THERMAL,
AE25,AE,25,THERMAL,
AE26,AE,26,THERMAL,
AE27,AE,27,THERMAL,
AE28,AE,28,PWR_CORE,
AE29,AE,29,PWR_CORE,
AE30,AE,30,PWR_CORE,
AE31,AE,31,PWR_CORE,
AE32,AE,32,PWR_CORE,
AE33,AE,33,PWR_CORE,
AE34,AE,34,PWR_CORE,
AE35,AE,35,PWR_CORE,
AE36,AE,36,PWR_CORE,
AE37,AE,37,PWR_CORE,
AE38,AE,38,PWR_CORE,
AE39,AE,39,PWR_CORE,
AE40,AE,40,PWR_CORE,
AE41,AE,41,PWR_CORE,
AE42,AE,42,NC,
AE43,AE,43,GND,
AE44,AE,44,NC,
AE45,AE,45,HBM4_SIDECH,
AE46,AE,46,HBM4_SIDECH,
AE47,AE,47,HBM4_VDDQ,
AE48,AE,48,HBM4_VDDQ,
AE49,AE,49,HBM4_VDDQ,
AE50,AE,50,HBM4_VDDQ,
AF1,AF,1,NC,
AF2,AF,2,GND,
AF3,AF,3,NC,
AF4,AF,4,GND,
AF5,AF,5,NC,
AF6,AF,6,GND,
AF7,AF,7,NC,
AF8,AF,8,GND,
AF9,AF,9,NC,
AF10,AF,10,GND,
AF11,AF,11,PWR_CORE,
AF12,AF,12,PWR_CORE,
AF13,AF,13,PWR_CORE,
AF14,AF,14,PWR_CORE,
AF15,AF,15,PWR_CORE,
AF16,AF,16,PWR_CORE,
AF17,AF,17,PWR_CORE,
AF18,AF,18,PWR_CORE,
AF19,AF,19,PWR_CORE,
AF20,AF,20,PWR_CORE,
AF21,AF,21,PWR_CORE,
AF22,AF,22,PWR_CORE,
AF23,AF,23,PWR_CORE,
AF24,AF,24,PWR_CORE,
AF25,AF,25,PWR_CORE,
AF26,AF,26,PWR_CORE,
AF27,AF,27,PWR_CORE,
AF28,AF,28,PWR_CORE,
AF29,AF,29,PWR_CORE,
AF30,AF,30,PWR_CORE,
AF31,AF,31,PWR_CORE,
AF32,AF,32,PWR_CORE,
AF33,AF,33,PWR_CORE,
AF34,AF,34,PWR_CORE,
AF35,AF,35,PWR_CORE,
AF36,AF,36,PWR_CORE,
AF37,AF,37,PWR_CORE,
AF38,AF,38,PWR_CORE,
AF39,AF,39,PWR_CORE,
AF40,AF,40,PWR_CORE,
AF41,AF,41,PWR_CORE,
AF42,AF,42,GND,
AF43,AF,43,NC,
AF44,AF,44,GND,
AF45,AF,45,HBM4_SIDECH,
AF46,AF,46,HBM4_SIDECH,
AF47,AF,47,HBM4_VDDQ,
AF48,AF,48,HBM4_VDDQ,
AF49,AF,49,HBM4_VDDQ,
AF50,AF,50,HBM4_VDDQ,
AG1,AG,1,GND,
AG2,AG,2,NC,
AG3,AG,3,GND,
AG4,AG,4,NC,
AG5,AG,5,GND,
AG6,AG,6,NC,
AG7,AG,7,GND,
AG8,AG,8,NC,
AG9,AG,9,GND,
AG10,AG,10,NC,
AG11,AG,11,PWR_CORE,
AG12,AG,12,PWR_CORE,
AG13,AG,13,PWR_CORE,
AG14,AG,14,PWR_CORE,
AG15,AG,15,PWR_CORE,
AG16,AG,16,PWR_CORE,
AG17,AG,17,PWR_CORE,
AG18,AG,18,PWR_CORE,
AG19,AG,19,PWR_CORE,
AG20,AG,20,PWR_CORE,
AG21,AG,21,PWR_CORE,
AG22,AG,22,PWR_CORE,
AG23,AG,23,PWR_CORE,
AG24,AG,24,PWR_CORE,
AG25,AG,25,PWR_CORE,
AG26,AG,26,PWR_CORE,
AG27,AG,27,PWR_CORE,
AG28,AG,28,PWR_CORE,
AG29,AG,29,PWR_CORE,
AG30,AG,30,PWR_CORE,
AG31,AG,31,PWR_CORE,
AG32,AG,32,PWR_CORE,
AG33,AG,33,PWR_CORE,
AG34,AG,34,PWR_CORE,
AG35,AG,35,PWR_CORE,
AG36,AG,36,PWR_CORE,
AG37,AG,37,PWR_CORE,
AG38,AG,38,PWR_CORE,
AG39,AG,39,PWR_CORE,
AG40,AG,40,PWR_CORE,
AG41,AG,41,PWR_CORE,
AG42,AG,42,NC,
AG43,AG,43,GND,
AG44,AG,44,NC,
AG45,AG,45,GND,
AG46,AG,46,NC,
AG47,AG,47,HBM4_VDDQ,
AG48,AG,48,HBM4_VDDQ,
AG49,AG,49,HBM4_VDDQ,
AG50,AG,50,HBM4_VDDQ,
AH1,AH,1,NC,
AH2,AH,2,GND,
AH3,AH,3,NC,
AH4,AH,4,GND,
AH5,AH,5,NC,
AH6,AH,6,GND,
AH7,AH,7,NC,
AH8,AH,8,GND,
AH9,AH,9,NC,
AH10,AH,10,GND,
AH11,AH,11,PWR_CORE,
AH12,AH,12,PWR_CORE,
AH13,AH,13,PWR_CORE,
AH14,AH,14,PWR_CORE,
AH15,AH,15,PWR_CORE,
AH16,AH,16,PWR_CORE,
AH17,AH,17,PWR_CORE,
AH18,AH,18,PWR_CORE,
AH19,AH,19,PWR_CORE,
AH20,AH,20,PWR_CORE,
AH21,AH,21,PWR_CORE,
AH22,AH,22,PWR_CORE,
AH23,AH,23,PWR_CORE,
AH24,AH,24,PWR_CORE,
AH25,AH,25,PWR_CORE,
AH26,AH,26,PWR_CORE,
AH27,AH,27,PWR_CORE,
AH28,AH,28,PWR_CORE,
AH29,AH,29,PWR_CORE,
AH30,AH,30,PWR_CORE,
AH31,AH,31,PWR_CORE,
AH32,AH,32,PWR_CORE,
AH33,AH,33,PWR_CORE,
AH34,AH,34,PWR_CORE,
AH35,AH,35,PWR_CORE,
AH36,AH,36,PWR_CORE,
AH37,AH,37,PWR_CORE,
AH38,AH,38,PWR_CORE,
AH39,AH,39,PWR_CORE,
AH40,AH,40,PWR_CORE,
AH41,AH,41,PWR_CORE,
AH42,AH,42,GND,
AH43,AH,43,NC,
AH44,AH,44,GND,
AH45,AH,45,NC,
AH46,AH,46,GND,
AH47,AH,47,HBM4_VDDQ,
AH48,AH,48,HBM4_VDDQ,
AH49,AH,49,HBM4_VDDQ,
AH50,AH,50,HBM4_VDDQ,
AJ1,AJ,1,GND,
AJ2,AJ,2,NC,
AJ3,AJ,3,GND,
AJ4,AJ,4,NC,
AJ5,AJ,5,GND,
AJ6,AJ,6,NC,
AJ7,AJ,7,GND,
AJ8,AJ,8,NC,
AJ9,AJ,9,GND,
AJ10,AJ,10,NC,
AJ11,AJ,11,PWR_CORE,
AJ12,AJ,12,PWR_CORE,
AJ13,AJ,13,PWR_CORE,
AJ14,AJ,14,PWR_CORE,
AJ15,AJ,15,PWR_CORE,
AJ16,AJ,16,PWR_CORE,
AJ17,AJ,17,PWR_CORE,
AJ18,AJ,18,PWR_CORE,
AJ19,AJ,19,PWR_CORE,
AJ20,AJ,20,PWR_CORE,
AJ21,AJ,21,PWR_CORE,
AJ22,AJ,22,PWR_CORE,
AJ23,AJ,23,PWR_CORE,
AJ24,AJ,24,PWR_CORE,
AJ25,AJ,25,PWR_CORE,
AJ26,AJ,26,PWR_CORE,
AJ27,AJ,27,PWR_CORE,
AJ28,AJ,28,PWR_CORE,
AJ29,AJ,29,PWR_CORE,
AJ30,AJ,30,PWR_CORE,
AJ31,AJ,31,PWR_CORE,
AJ32,AJ,32,PWR_CORE,
AJ33,AJ,33,PWR_CORE,
AJ34,AJ,34,PWR_CORE,
AJ35,AJ,35,PWR_CORE,
AJ36,AJ,36,PWR_CORE,
AJ37,AJ,37,PWR_CORE,
AJ38,AJ,38,NC,
AJ39,AJ,39,GND,
AJ40,AJ,40,NC,
AJ41,AJ,41,GND,
AJ42,AJ,42,NC,
AJ43,AJ,43,GND,
AJ44,AJ,44,NC,
AJ45,AJ,45,GND,
AJ46,AJ,46,NC,
AJ47,AJ,47,HBM4_VDDQ,
AJ48,AJ,48,HBM4_VDDQ,
AJ49,AJ,49,HBM4_VDDQ,
AJ50,AJ,50,HBM4_VDDQ,
AK1,AK,1,NC,
AK2,AK,2,GND,
AK3,AK,3,NC,
AK4,AK,4,GND,
AK5,AK,5,NC,
AK6,AK,6,GND,
AK7,AK,7,NC,
AK8,AK,8,GND,
AK9,AK,9,NC,
AK10,AK,10,GND,
AK11,AK,11,NC,
AK12,AK,12,GND,
AK13,AK,13,NC,
AK14,AK,14,GND,
AK15,AK,15,NC,
AK16,AK,16,GND,
AK17,AK,17,NC,
AK18,AK,18,GND,
AK19,AK,19,NC,
AK20,AK,20,GND,
AK21,AK,21,NC,
AK22,AK,22,GND,
AK23,AK,23,NC,
AK24,AK,24,GND,
AK25,AK,25,NC,
AK26,AK,26,GND,
AK27,AK,27,NC,
AK28,AK,28,GND,
AK29,AK,29,NC,
AK30,AK,30,GND,
AK31,AK,31,NC,
AK32,AK,32,GND,
AK33,AK,33,NC,
AK34,AK,34,GND,
AK35,AK,35,NC,
AK36,AK,36,GND,
AK37,AK,37,NC,
AK38,AK,38,GND,
AK39,AK,39,NC,
AK40,AK,40,GND,
AK41,AK,41,NC,
AK42,AK,42,GND,
AK43,AK,43,NC,
AK44,AK,44,GND,
AK45,AK,45,NC,
AK46,AK,46,GND,
AK47,AK,47,HBM4_VDDQ,
AK48,AK,48,HBM4_VDDQ,
AK49,AK,49,HBM4_VDDQ,
AK50,AK,50,HBM4_VDDQ,
AL1,AL,1,GND,
AL2,AL,2,NC,
AL3,AL,3,GND,
AL4,AL,4,NC,
AL5,AL,5,GND,
AL6,AL,6,NC,
AL7,AL,7,GND,
AL8,AL,8,NC,
AL9,AL,9,GND,
AL10,AL,10,NC,
AL11,AL,11,GND,
AL12,AL,12,NC,
AL13,AL,13,GND,
AL14,AL,14,NC,
AL15,AL,15,GND,
AL16,AL,16,NC,
AL17,AL,17,GND,
AL18,AL,18,NC,
AL19,AL,19,GND,
AL20,AL,20,NC,
AL21,AL,21,GND,
AL22,AL,22,NC,
AL23,AL,23,GND,
AL24,AL,24,NC,
AL25,AL,25,GND,
AL26,AL,26,NC,
AL27,AL,27,GND,
AL28,AL,28,NC,
AL29,AL,29,GND,
AL30,AL,30,NC,
AL31,AL,31,GND,
AL32,AL,32,NC,
AL33,AL,33,GND,
AL34,AL,34,NC,
AL35,AL,35,GND,
AL36,AL,36,NC,
AL37,AL,37,GND,
AL38,AL,38,NC,
AL39,AL,39,GND,
AL40,AL,40,NC,
AL41,AL,41,GND,
AL42,AL,42,NC,
AL43,AL,43,GND,
AL44,AL,44,NC,
AL45,AL,45,GND,
AL46,AL,46,NC,
AL47,AL,47,HBM4_VDDQ,
AL48,AL,48,HBM4_VDDQ,
AL49,AL,49,HBM4_VDDQ,
AL50,AL,50,HBM4_VDDQ,
AM1,AM,1,NC,
AM2,AM,2,GND,
AM3,AM,3,NC,
AM4,AM,4,GND,
AM5,AM,5,NC,
AM6,AM,6,GND,
AM7,AM,7,NC,
AM8,AM,8,GND,
AM9,AM,9,NC,
AM10,AM,10,GND,
AM11,AM,11,NC,
AM12,AM,12,GND,
AM13,AM,13,NC,
AM14,AM,14,GND,
AM15,AM,15,NC,
AM16,AM,16,GND,
AM17,AM,17,NC,
AM18,AM,18,GND,
AM19,AM,19,NC,
AM20,AM,20,GND,
AM21,AM,21,NC,
AM22,AM,22,GND,
AM23,AM,23,NC,
AM24,AM,24,GND,
AM25,AM,25,NC,
AM26,AM,26,GND,
AM27,AM,27,NC,
AM28,AM,28,GND,
AM29,AM,29,NC,
AM30,AM,30,GND,
AM31,AM,31,NC,
AM32,AM,32,GND,
AM33,AM,33,NC,
AM34,AM,34,GND,
AM35,AM,35,NC,
AM36,AM,36,GND,
AM37,AM,37,NC,
AM38,AM,38,GND,
AM39,AM,39,NC,
AM40,AM,40,GND,
AM41,AM,41,NC,
AM42,AM,42,GND,
AM43,AM,43,NC,
AM44,AM,44,GND,
AM45,AM,45,NC,
AM46,AM,46,GND,
AM47,AM,47,HBM4_VDDQ,
AM48,AM,48,HBM4_VDDQ,
AM49,AM,49,HBM4_VDDQ,
AM50,AM,50,HBM4_VDDQ,
AN1,AN,1,GND,
AN2,AN,2,NC,
AN3,AN,3,GND,
AN4,AN,4,NC,
AN5,AN,5,GND,
AN6,AN,6,NC,
AN7,AN,7,GND,
AN8,AN,8,NC,
AN9,AN,9,GND,
AN10,AN,10,NC,
AN11,AN,11,GND,
AN12,AN,12,NC,
AN13,AN,13,GND,
AN14,AN,14,NC,
AN15,AN,15,GND,
AN16,AN,16,NC,
AN17,AN,17,GND,
AN18,AN,18,NC,
AN19,AN,19,GND,
AN20,AN,20,NC,
AN21,AN,21,GND,
AN22,AN,22,NC,
AN23,AN,23,GND,
AN24,AN,24,NC,
AN25,AN,25,GND,
AN26,AN,26,NC,
AN27,AN,27,GND,
AN28,AN,28,NC,
AN29,AN,29,GND,
AN30,AN,30,NC,
AN31,AN,31,GND,
AN32,AN,32,NC,
AN33,AN,33,GND,
AN34,AN,34,NC,
AN35,AN,35,GND,
AN36,AN,36,NC,
AN37,AN,37,GND,
AN38,AN,38,NC,
AN39,AN,39,GND,
AN40,AN,40,NC,
AN41,AN,41,GND,
AN42,AN,42,NC,
AN43,AN,43,GND,
AN44,AN,44,NC,
AN45,AN,45,GND,
AN46,AN,46,NC,
AN47,AN,47,GND,
AN48,AN,48,NC,
AN49,AN,49,GND,
AN50,AN,50,NC,
AP1,AP,1,NC,
AP2,AP,2,GND,
AP3,AP,3,NC,
AP4,AP,4,GND,
AP5,AP,5,NC,
AP6,AP,6,GND,
AP7,AP,7,NC,
AP8,AP,8,GND,
AP9,AP,9,NC,
AP10,AP,10,GND,
AP11,AP,11,NC,
AP12,AP,12,GND,
AP13,AP,13,NC,
AP14,AP,14,GND,
AP15,AP,15,NC,
AP16,AP,16,GND,
AP17,AP,17,NC,
AP18,AP,18,GND,
AP19,AP,19,NC,
AP20,AP,20,GND,
AP21,AP,21,NC,
AP22,AP,22,GND,
AP23,AP,23,NC,
AP24,AP,24,GND,
AP25,AP,25,NC,
AP26,AP,26,GND,
AP27,AP,27,NC,
AP28,AP,28,GND,
AP29,AP,29,NC,
AP30,AP,30,GND,
AP31,AP,31,NC,
AP32,AP,32,GND,
AP33,AP,33,NC,
AP34,AP,34,GND,
AP35,AP,35,NC,
AP36,AP,36,GND,
AP37,AP,37,NC,
AP38,AP,38,GND,
AP39,AP,39,NC,
AP40,AP,40,GND,
AP41,AP,41,NC,
AP42,AP,42,GND,
AP43,AP,43,NC,
AP44,AP,44,GND,
AP45,AP,45,NC,
AP46,AP,46,GND,
AP47,AP,47,NC,
AP48,AP,48,GND,
AP49,AP,49,NC,
AP50,AP,50,GND,
AR1,AR,1,GND,
AR2,AR,2,NC,
AR3,AR,3,GND,
AR4,AR,4,NC,
AR5,AR,5,GND,
AR6,AR,6,NC,
AR7,AR,7,GND,
AR8,AR,8,NC,
AR9,AR,9,GND,
AR10,AR,10,NC,
AR11,AR,11,GND,
AR12,AR,12,NC,
AR13,AR,13,GND,
AR14,AR,14,NC,
AR15,AR,15,GND,
AR16,AR,16,NC,
AR17,AR,17,GND,
AR18,AR,18,NC,
AR19,AR,19,GND,
AR20,AR,20,NC,
AR21,AR,21,GND,
AR22,AR,22,NC,
AR23,AR,23,GND,
AR24,AR,24,NC,
AR25,AR,25,GND,
AR26,AR,26,NC,
AR27,AR,27,GND,
AR28,AR,28,NC,
AR29,AR,29,GND,
AR30,AR,30,NC,
AR31,AR,31,GND,
AR32,AR,32,NC,
AR33,AR,33,GND,
AR34,AR,34,NC,
AR35,AR,35,GND,
AR36,AR,36,NC,
AR37,AR,37,GND,
AR38,AR,38,NC,
AR39,AR,39,GND,
AR40,AR,40,NC,
AR41,AR,41,GND,
AR42,AR,42,NC,
AR43,AR,43,GND,
AR44,AR,44,NC,
AR45,AR,45,GND,
AR46,AR,46,NC,
AR47,AR,47,GND,
AR48,AR,48,NC,
AR49,AR,49,GND,
AR50,AR,50,NC,
AT1,AT,1,NC,
AT2,AT,2,GND,
AT3,AT,3,NC,
AT4,AT,4,GND,
AT5,AT,5,NC,
AT6,AT,6,GND,
AT7,AT,7,NC,
AT8,AT,8,GND,
AT9,AT,9,NC,
AT10,AT,10,GND,
AT11,AT,11,NC,
AT12,AT,12,GND,
AT13,AT,13,NC,
AT14,AT,14,GND,
AT15,AT,15,NC,
AT16,AT,16,GND,
AT17,AT,17,NC,
AT18,AT,18,GND,
AT19,AT,19,NC,
AT20,AT,20,GND,
AT21,AT,21,NC,
AT22,AT,22,GND,
AT23,AT,23,NC,
AT24,AT,24,GND,
AT25,AT,25,NC,
AT26,AT,26,GND,
AT27,AT,27,NC,
AT28,AT,28,GND,
AT29,AT,29,NC,
AT30,AT,30,GND,
AT31,AT,31,NC,
AT32,AT,32,GND,
AT33,AT,33,NC,
AT34,AT,34,GND,
AT35,AT,35,NC,
AT36,AT,36,GND,
AT37,AT,37,NC,
AT38,AT,38,GND,
AT39,AT,39,NC,
AT40,AT,40,GND,
AT41,AT,41,NC,
AT42,AT,42,GND,
AT43,AT,43,NC,
AT44,AT,44,GND,
AT45,AT,45,NC,
AT46,AT,46,GND,
AT47,AT,47,NC,
AT48,AT,48,GND,
AT49,AT,49,NC,
AT50,AT,50,GND,
AU1,AU,1,GND,
AU2,AU,2,NC,
AU3,AU,3,GND,
AU4,AU,4,NC,
AU5,AU,5,GND,
AU6,AU,6,NC,
AU7,AU,7,GND,
AU8,AU,8,NC,
AU9,AU,9,GND,
AU10,AU,10,NC,
AU11,AU,11,GND,
AU12,AU,12,NC,
AU13,AU,13,GND,
AU14,AU,14,NC,
AU15,AU,15,GND,
AU16,AU,16,NC,
AU17,AU,17,GND,
AU18,AU,18,NC,
AU19,AU,19,GND,
AU20,AU,20,NC,
AU21,AU,21,GND,
AU22,AU,22,NC,
AU23,AU,23,GND,
AU24,AU,24,NC,
AU25,AU,25,GND,
AU26,AU,26,NC,
AU27,AU,27,GND,
AU28,AU,28,NC,
AU29,AU,29,GND,
AU30,AU,30,NC,
AU31,AU,31,GND,
AU32,AU,32,NC,
AU33,AU,33,GND,
AU34,AU,34,NC,
AU35,AU,35,GND,
AU36,AU,36,NC,
AU37,AU,37,GND,
AU38,AU,38,NC,
AU39,AU,39,GND,
AU40,AU,40,NC,
AU41,AU,41,GND,
AU42,AU,42,NC,
AU43,AU,43,GND,
AU44,AU,44,NC,
AU45,AU,45,GND,
AU46,AU,46,NC,
AU47,AU,47,GND,
AU48,AU,48,NC,
AU49,AU,49,GND,
AU50,AU,50,NC,
AV1,AV,1,NC,
AV2,AV,2,GND,
AV3,AV,3,NC,
AV4,AV,4,GND,
AV5,AV,5,NC,
AV6,AV,6,GND,
AV7,AV,7,NC,
AV8,AV,8,GND,
AV9,AV,9,NC,
AV10,AV,10,GND,
AV11,AV,11,NC,
AV12,AV,12,GND,
AV13,AV,13,NC,
AV14,AV,14,GND,
AV15,AV,15,NC,
AV16,AV,16,GND,
AV17,AV,17,NC,
AV18,AV,18,GND,
AV19,AV,19,NC,
AV20,AV,20,GND,
AV21,AV,21,NC,
AV22,AV,22,GND,
AV23,AV,23,NC,
AV24,AV,24,GND,
AV25,AV,25,NC,
AV26,AV,26,GND,
AV27,AV,27,NC,
AV28,AV,28,GND,
AV29,AV,29,NC,
AV30,AV,30,GND,
AV31,AV,31,NC,
AV32,AV,32,GND,
AV33,AV,33,NC,
AV34,AV,34,GND,
AV35,AV,35,NC,
AV36,AV,36,GND,
AV37,AV,37,NC,
AV38,AV,38,GND,
AV39,AV,39,NC,
AV40,AV,40,GND,
AV41,AV,41,NC,
AV42,AV,42,GND,
AV43,AV,43,NC,
AV44,AV,44,GND,
AV45,AV,45,NC,
AV46,AV,46,GND,
AV47,AV,47,NC,
AV48,AV,48,GND,
AV49,AV,49,NC,
AV50,AV,50,GND,
AW1,AW,1,GND,
AW2,AW,2,NC,
AW3,AW,3,GND,
AW4,AW,4,NC,
AW5,AW,5,GND,
AW6,AW,6,NC,
AW7,AW,7,GND,
AW8,AW,8,NC,
AW9,AW,9,GND,
AW10,AW,10,NC,
AW11,AW,11,GND,
AW12,AW,12,NC,
AW13,AW,13,GND,
AW14,AW,14,NC,
AW15,AW,15,GND,
AW16,AW,16,NC,
AW17,AW,17,GND,
AW18,AW,18,NC,
AW19,AW,19,GND,
AW20,AW,20,NC,
AW21,AW,21,GND,
AW22,AW,22,NC,
AW23,AW,23,GND,
AW24,AW,24,NC,
AW25,AW,25,GND,
AW26,AW,26,NC,
AW27,AW,27,GND,
AW28,AW,28,NC,
AW29,AW,29,GND,
AW30,AW,30,NC,
AW31,AW,31,GND,
AW32,AW,32,NC,
AW33,AW,33,GND,
AW34,AW,34,NC,
AW35,AW,35,GND,
AW36,AW,36,NC,
AW37,AW,37,GND,
AW38,AW,38,NC,
AW39,AW,39,GND,
AW40,AW,40,NC,
AW41,AW,41,GND,
AW42,AW,42,NC,
AW43,AW,43,GND,
AW44,AW,44,NC,
AW45,AW,45,GND,
AW46,AW,46,NC,
AW47,AW,47,GND,
AW48,AW,48,NC,
AW49,AW,49,GND,
AW50,AW,50,NC,
AY1,AY,1,NC,
AY2,AY,2,GND,
AY3,AY,3,NC,
AY4,AY,4,GND,
AY5,AY,5,NC,
AY6,AY,6,GND,
AY7,AY,7,NC,
AY8,AY,8,GND,
AY9,AY,9,NC,
AY10,AY,10,GND,
AY11,AY,11,NC,
AY12,AY,12,GND,
AY13,AY,13,NC,
AY14,AY,14,GND,
AY15,AY,15,NC,
AY16,AY,16,GND,
AY17,AY,17,NC,
AY18,AY,18,GND,
AY19,AY,19,NC,
AY20,AY,20,GND,
AY21,AY,21,NC,
AY22,AY,22,GND,
AY23,AY,23,NC,
AY24,AY,24,GND,
AY25,AY,25,NC,
AY26,AY,26,GND,
AY27,AY,27,NC,
AY28,AY,28,GND,
AY29,AY,29,NC,
AY30,AY,30,GND,
AY31,AY,31,NC,
AY32,AY,32,GND,
AY33,AY,33,NC,
AY34,AY,34,GND,
AY35,AY,35,NC,
AY36,AY,36,GND,
AY37,AY,37,NC,
AY38,AY,38,GND,
AY39,AY,39,NC,
AY40,AY,40,GND,
AY41,AY,41,NC,
AY42,AY,42,GND,
AY43,AY,43,NC,
AY44,AY,44,GND,
AY45,AY,45,NC,
AY46,AY,46,GND,
AY47,AY,47,NC,
AY48,AY,48,GND,
AY49,AY,49,NC,
AY50,AY,50,GND,
BA1,BA,1,GND,
BA2,BA,2,NC,
BA3,BA,3,GND,
BA4,BA,4,NC,
BA5,BA,5,GND,
BA6,BA,6,NC,
BA7,BA,7,GND,
BA8,BA,8,NC,
BA9,BA,9,GND,
BA10,BA,10,NC,
BA11,BA,11,GND,
BA12,BA,12,NC,
BA13,BA,13,GND,
BA14,BA,14,NC,
BA15,BA,15,GND,
BA16,BA,16,NC,
BA17,BA,17,GND,
BA18,BA,18,NC,
BA19,BA,19,GND,
BA20,BA,20,NC,
BA21,BA,21,GND,
BA22,BA,22,NC,
BA23,BA,23,GND,
BA24,BA,24,NC,
BA25,BA,25,GND,
BA26,BA,26,NC,
BA27,BA,27,GND,
BA28,BA,28,NC,
BA29,BA,29,GND,
BA30,BA,30,NC,
BA31,BA,31,GND,
BA32,BA,32,NC,
BA33,BA,33,GND,
BA34,BA,34,NC,
BA35,BA,35,GND,
BA36,BA,36,NC,
BA37,BA,37,GND,
BA38,BA,38,NC,
BA39,BA,39,GND,
BA40,BA,40,NC,
BA41,BA,41,GND,
BA42,BA,42,NC,
BA43,BA,43,GND,
BA44,BA,44,NC,
BA45,BA,45,GND,
BA46,BA,46,NC,
BA47,BA,47,GND,
BA48,BA,48,NC,
BA49,BA,49,GND,
BA50,BA,50,NC,
BB1,BB,1,NC,
BB2,BB,2,GND,
BB3,BB,3,NC,
BB4,BB,4,GND,
BB5,BB,5,NC,
BB6,BB,6,GND,
BB7,BB,7,NC,
BB8,BB,8,GND,
BB9,BB,9,NC,
BB10,BB,10,GND,
BB11,BB,11,NC,
BB12,BB,12,GND,
BB13,BB,13,NC,
BB14,BB,14,GND,
BB15,BB,15,NC,
BB16,BB,16,GND,
BB17,BB,17,NC,
BB18,BB,18,GND,
BB19,BB,19,NC,
BB20,BB,20,GND,
BB21,BB,21,NC,
BB22,BB,22,GND,
BB23,BB,23,NC,
BB24,BB,24,GND,
BB25,BB,25,NC,
BB26,BB,26,GND,
BB27,BB,27,NC,
BB28,BB,28,GND,
BB29,BB,29,NC,
BB30,BB,30,GND,
BB31,BB,31,NC,
BB32,BB,32,GND,
BB33,BB,33,NC,
BB34,BB,34,GND,
BB35,BB,35,NC,
BB36,BB,36,GND,
BB37,BB,37,NC,
BB38,BB,38,GND,
BB39,BB,39,NC,
BB40,BB,40,GND,
BB41,BB,41,NC,
BB42,BB,42,GND,
BB43,BB,43,NC,
BB44,BB,44,GND,
BB45,BB,45,NC,
BB46,BB,46,GND,
BB47,BB,47,NC,
BB48,BB,48,GND,
BB49,BB,49,NC,
BB50,BB,50,GND,
BC1,BC,1,GND,
BC2,BC,2,NC,
BC3,BC,3,GND,
BC4,BC,4,NC,
BC5,BC,5,GND,
BC6,BC,6,NC,
BC7,BC,7,GND,
BC8,BC,8,NC,
BC9,BC,9,GND,
BC10,BC,10,NC,
BC11,BC,11,GND,
BC12,BC,12,NC,
BC13,BC,13,GND,
BC14,BC,14,NC,
BC15,BC,15,GND,
BC16,BC,16,NC,
BC17,BC,17,GND,
BC18,BC,18,NC,
BC19,BC,19,GND,
BC20,BC,20,NC,
BC21,BC,21,GND,
BC22,BC,22,NC,
BC23,BC,23,GND,
BC24,BC,24,NC,
BC25,BC,25,GND,
BC26,BC,26,NC,
BC27,BC,27,GND,
BC28,BC,28,NC,
BC29,BC,29,GND,
BC30,BC,30,NC,
BC31,BC,31,GND,
BC32,BC,32,NC,
BC33,BC,33,GND,
BC34,BC,34,NC,
BC35,BC,35,GND,
BC36,BC,36,NC,
BC37,BC,37,GND,
BC38,BC,38,NC,
BC39,BC,39,GND,
BC40,BC,40,NC,
BC41,BC,41,GND,
BC42,BC,42,NC,
BC43,BC,43,GND,
BC44,BC,44,NC,
BC45,BC,45,GND,
BC46,BC,46,NC,
BC47,BC,47,GND,
BC48,BC,48,NC,
BC49,BC,49,GND,
BC50,BC,50,NC,
BD1,BD,1,NC,
BD2,BD,2,GND,
BD3,BD,3,NC,
BD4,BD,4,GND,
BD5,BD,5,NC,
BD6,BD,6,GND,
BD7,BD,7,NC,
BD8,BD,8,GND,
BD9,BD,9,NC,
BD10,BD,10,GND,
BD11,BD,11,NC,
BD12,BD,12,GND,
BD13,BD,13,NC,
BD14,BD,14,GND,
BD15,BD,15,NC,
BD16,BD,16,GND,
BD17,BD,17,NC,
BD18,BD,18,GND,
BD19,BD,19,NC,
BD20,BD,20,GND,
BD21,BD,21,NC,
BD22,BD,22,GND,
BD23,BD,23,NC,
BD24,BD,24,GND,
BD25,BD,25,NC,
BD26,BD,26,GND,
BD27,BD,27,NC,
BD28,BD,28,GND,
BD29,BD,29,NC,
BD30,BD,30,GND,
BD31,BD,31,NC,
BD32,BD,32,GND,
BD33,BD,33,NC,
BD34,BD,34,GND,
BD35,BD,35,NC,
BD36,BD,36,GND,
BD37,BD,37,NC,
BD38,BD,38,GND,
BD39,BD,39,NC,
BD40,BD,40,GND,
BD41,BD,41,NC,
BD42,BD,42,GND,
BD43,BD,43,NC,
BD44,BD,44,GND,
BD45,BD,45,NC,
BD46,BD,46,GND,
BD47,BD,47,NC,
BD48,BD,48,GND,
BD49,BD,49,NC,
BD50,BD,50,GND,
BE1,BE,1,GND,
BE2,BE,2,NC,
BE3,BE,3,GND,
BE4,BE,4,NC,
BE5,BE,5,GND,
BE6,BE,6,NC,
BE7,BE,7,GND,
BE8,BE,8,NC,
BE9,BE,9,GND,
BE10,BE,10,NC,
BE11,BE,11,GND,
BE12,BE,12,NC,
BE13,BE,13,GND,
BE14,BE,14,NC,
BE15,BE,15,GND,
BE16,BE,16,NC,
BE17,BE,17,GND,
BE18,BE,18,NC,
BE19,BE,19,GND,
BE20,BE,20,NC,
BE21,BE,21,GND,
BE22,BE,22,NC,
BE23,BE,23,GND,
BE24,BE,24,NC,
BE25,BE,25,GND,
BE26,BE,26,NC,
BE27,BE,27,GND,
BE28,BE,28,NC,
BE29,BE,29,GND,
BE30,BE,30,NC,
BE31,BE,31,GND,
BE32,BE,32,NC,
BE33,BE,33,GND,
BE34,BE,34,NC,
BE35,BE,35,GND,
BE36,BE,36,NC,
BE37,BE,37,GND,
BE38,BE,38,NC,
BE39,BE,39,GND,
BE40,BE,40,NC,
BE41,BE,41,GND,
BE42,BE,42,NC,
BE43,BE,43,GND,
BE44,BE,44,NC,
BE45,BE,45,GND,
BE46,BE,46,NC,
BE47,BE,47,GND,
BE48,BE,48,NC,
BE49,BE,49,GND,
BE50,BE,50,NC,
BF1,BF,1,PCIE_G6,
BF2,BF,2,PCIE_G6,
BF3,BF,3,PCIE_G6,
BF4,BF,4,PCIE_G6,
BF5,BF,5,PCIE_G6,
BF6,BF,6,PCIE_G6,
BF7,BF,7,PCIE_G6,
BF8,BF,8,PCIE_G6,
BF9,BF,9,PCIE_G6,
BF10,BF,10,PCIE_G6,
BF11,BF,11,PCIE_G6,
BF12,BF,12,PCIE_G6,
BF13,BF,13,PCIE_G6,
BF14,BF,14,PCIE_G6,
BF15,BF,15,PCIE_G6,
BF16,BF,16,PCIE_G6,
BF17,BF,17,PCIE_G6,
BF18,BF,18,PCIE_G6,
BF19,BF,19,PCIE_G6,
BF20,BF,20,PCIE_G6,
BF21,BF,21,PCIE_G6,
BF22,BF,22,PCIE_G6,
BF23,BF,23,PCIE_G6,
BF24,BF,24,PCIE_G6,
BF25,BF,25,PCIE_G6,
BF26,BF,26,PCIE_G6,
BF27,BF,27,PCIE_G6,
BF28,BF,28,PCIE_G6,
BF29,BF,29,PCIE_G6,
BF30,BF,30,PCIE_G6,
BF31,BF,31,PCIE_G6,
BF32,BF,32,PCIE_G6,
BF33,BF,33,PCIE_G6,
BF34,BF,34,PCIE_G6,
BF35,BF,35,PCIE_G6,
BF36,BF,36,PCIE_G6,
BF37,BF,37,PCIE_G6,
BF38,BF,38,PCIE_G6,
BF39,BF,39,PCIE_G6,
BF40,BF,40,PCIE_G6,
BF41,BF,41,PCIE_G6,
BF42,BF,42,PCIE_G6,
BF43,BF,43,PCIE_G6,
BF44,BF,44,PCIE_G6,
BF45,BF,45,PCIE_G6,
BF46,BF,46,PCIE_G6,
BF47,BF,47,PCIE_G6,
BF48,BF,48,PCIE_G6,
BF49,BF,49,PCIE_G6,
BF50,BF,50,PCIE_G6,
BG1,BG,1,PCIE_G6,
BG2,BG,2,PCIE_G6,
BG3,BG,3,PCIE_G6,
BG4,BG,4,PCIE_G6,
BG5,BG,5,PCIE_G6,
BG6,BG,6,PCIE_G6,
BG7,BG,7,PCIE_G6,
BG8,BG,8,PCIE_G6,
BG9,BG,9,PCIE_G6,
BG10,BG,10,PCIE_G6,
BG11,BG,11,PCIE_G6,
BG12,BG,12,PCIE_G6,
BG13,BG,13,PCIE_G6,
BG14,BG,14,PCIE_G6,
BG15,BG,15,PCIE_G6,
BG16,BG,16,PCIE_G6,
BG17,BG,17,PCIE_G6,
BG18,BG,18,PCIE_G6,
BG19,BG,19,PCIE_G6,
BG20,BG,20,PCIE_G6,
BG21,BG,21,PCIE_G6,
BG22,BG,22,PCIE_G6,
BG23,BG,23,PCIE_G6,
BG24,BG,24,PCIE_G6,
BG25,BG,25,PCIE_G6,
BG26,BG,26,PCIE_G6,
BG27,BG,27,PCIE_G6,
BG28,BG,28,PCIE_G6,
BG29,BG,29,PCIE_G6,
BG30,BG,30,PCIE_G6,
BG31,BG,31,PCIE_G6,
BG32,BG,32,PCIE_G6,
BG33,BG,33,PCIE_G6,
BG34,BG,34,PCIE_G6,
BG35,BG,35,PCIE_G6,
BG36,BG,36,PCIE_G6,
BG37,BG,37,PCIE_G6,
BG38,BG,38,PCIE_G6,
BG39,BG,39,PCIE_G6,
BG40,BG,40,PCIE_G6,
BG41,BG,41,PCIE_G6,
BG42,BG,42,PCIE_G6,
BG43,BG,43,PCIE_G6,
BG44,BG,44,PCIE_G6,
BG45,BG,45,PCIE_G6,
BG46,BG,46,PCIE_G6,
BG47,BG,47,PCIE_G6,
BG48,BG,48,PCIE_G6,
BG49,BG,49,PCIE_G6,
BG50,BG,50,PCIE_G6,
BH1,BH,1,PCIE_G6,
BH2,BH,2,PCIE_G6,
BH3,BH,3,PCIE_G6,
BH4,BH,4,PCIE_G6,
BH5,BH,5,PCIE_G6,
BH6,BH,6,PCIE_G6,
BH7,BH,7,PCIE_G6,
BH8,BH,8,PCIE_G6,
BH9,BH,9,PCIE_G6,
BH10,BH,10,PCIE_G6,
BH11,BH,11,PCIE_G6,
BH12,BH,12,PCIE_G6,
BH13,BH,13,PCIE_G6,
BH14,BH,14,PCIE_G6,
BH15,BH,15,PCIE_G6,
BH16,BH,16,PCIE_G6,
BH17,BH,17,PCIE_G6,
BH18,BH,18,PCIE_G6,
BH19,BH,19,PCIE_G6,
BH20,BH,20,PCIE_G6,
BH21,BH,21,PCIE_G6,
BH22,BH,22,PCIE_G6,
BH23,BH,23,PCIE_G6,
BH24,BH,24,PCIE_G6,
BH25,BH,25,PCIE_G6,
BH26,BH,26,PCIE_G6,
BH27,BH,27,PCIE_G6,
BH28,BH,28,PCIE_G6,
BH29,BH,29,PCIE_G6,
BH30,BH,30,PCIE_G6,
BH31,BH,31,PCIE_G6,
BH32,BH,32,PCIE_G6,
BH33,BH,33,PCIE_G6,
BH34,BH,34,PCIE_G6,
BH35,BH,35,PCIE_G6,
BH36,BH,36,PCIE_G6,
BH37,BH,37,PCIE_G6,
BH38,BH,38,PCIE_G6,
BH39,BH,39,PCIE_G6,
BH40,BH,40,PCIE_G6,
BH41,BH,41,PCIE_G6,
BH42,BH,42,PCIE_G6,
BH43,BH,43,PCIE_G6,
BH44,BH,44,PCIE_G6,
BH45,BH,45,NC,
BH46,BH,46,GND,
BH47,BH,47,NC,
BH48,BH,48,GND,
BH49,BH,49,NC,
BH50,BH,50,GND,
BJ1,BJ,1,NC,
BJ2,BJ,2,NC,
BJ3,BJ,3,NC,
BJ4,BJ,4,NC,
BJ5,BJ,5,NC,
BJ6,BJ,6,NC,
BJ7,BJ,7,NC,
BJ8,BJ,8,NC,
BJ9,BJ,9,NC,
BJ10,BJ,10,NC,
BJ11,BJ,11,NC,
BJ12,BJ,12,NC,
BJ13,BJ,13,NC,
BJ14,BJ,14,NC,
BJ15,BJ,15,NC,
BJ16,BJ,16,NC,
BJ17,BJ,17,NC,
BJ18,BJ,18,NC,
BJ19,BJ,19,NC,
BJ20,BJ,20,NC,
BJ21,BJ,21,NC,
BJ22,BJ,22,NC,
BJ23,BJ,23,NC,
BJ24,BJ,24,NC,
BJ25,BJ,25,NC,
BJ26,BJ,26,NC,
BJ27,BJ,27,NC,
BJ28,BJ,28,NC,
BJ29,BJ,29,NC,
BJ30,BJ,30,NC,
BJ31,BJ,31,NC,
BJ32,BJ,32,NC,
BJ33,BJ,33,NC,
BJ34,BJ,34,NC,
BJ35,BJ,35,NC,
BJ36,BJ,36,NC,
BJ37,BJ,37,NC,
BJ38,BJ,38,NC,
BJ39,BJ,39,NC,
BJ40,BJ,40,NC,
BJ41,BJ,41,NC,
BJ42,BJ,42,NC,
BJ43,BJ,43,NC,
BJ44,BJ,44,NC,
BJ45,BJ,45,NC,
BJ46,BJ,46,NC,
BJ47,BJ,47,NC,
BJ48,BJ,48,NC,
BJ49,BJ,49,NC,
BJ50,BJ,50,NC,
BK1,BK,1,NC,
BK2,BK,2,NC,
BK3,BK,3,NC,
BK4,BK,4,NC,
BK5,BK,5,NC,
BK6,BK,6,NC,
BK7,BK,7,NC,
BK8,BK,8,NC,
BK9,BK,9,NC,
BK10,BK,10,NC,
BK11,BK,11,NC,
BK12,BK,12,NC,
BK13,BK,13,NC,
BK14,BK,14,NC,
BK15,BK,15,NC,
BK16,BK,16,NC,
BK17,BK,17,NC,
BK18,BK,18,NC,
BK19,BK,19,NC,
BK20,BK,20,NC,
BK21,BK,21,NC,
BK22,BK,22,NC,
BK23,BK,23,NC,
BK24,BK,24,NC,
BK25,BK,25,NC,
BK26,BK,26,NC,
BK27,BK,27,NC,
BK28,BK,28,NC,
BK29,BK,29,NC,
BK30,BK,30,NC,
BK31,BK,31,NC,
BK32,BK,32,NC,
BK33,BK,33,NC,
BK34,BK,34,NC,
BK35,BK,35,NC,
BK36,BK,36,NC,
BK37,BK,37,NC,
BK38,BK,38,NC,
BK39,BK,39,NC,
BK40,BK,40,NC,
BK41,BK,41,NC,
BK42,BK,42,NC,
BK43,BK,43,NC,
BK44,BK,44,NC,
BK45,BK,45,NC,
BK46,BK,46,NC,
BK47,BK,47,NC,
BK48,BK,48,NC,
BK49,BK,49,NC,
BK50,BK,50,NC,
